{
  "assetType": "Transformer",
  "features": [
    "Temperature__c",
    "Vibration_Level__c",
    "Voltage__c",
    "Operating_Hours__c"
  ],
  "samples_total": 30000,
  "samples_train": 24000,
  "samples_test": 6000,
  "metrics": {
    "MAE": 2.45837147387181,
    "RMSE": 3.0847287802399563,
    "R2": 0.8028845300744984,
    "MAPE%": 14.584093961077057,
    "Accuracy%": 85.41590603892294
  },
  "model_type": "HistGradientBoostingRegressor",
  "winner_key": "hgb"
}