{
  "results": [
    {
      "assetType": "Generator",
      "samples": 30000,
      "features": [
        "Temperature__c",
        "Vibration_Level__c",
        "Voltage__c",
        "Operating_Hours__c",
        "Oil_Pressure__c",
        "Fuel_Level__c",
        "Battery_Voltage__c"
      ],
      "metrics": {
        "rf": {
          "MAE": 2.557768666666667,
          "RMSE": 3.1895502192837997,
          "R2": 0.7221741914481644,
          "MAPE%": 12.882319084577103,
          "Accuracy%": 87.1176809154229
        },
        "hgb": {
          "MAE": 2.483087351029098,
          "RMSE": 3.1001101543039096,
          "R2": 0.7375370842181318,
          "MAPE%": 12.440204713968539,
          "Accuracy%": 87.55979528603146
        },
        "xgb": {
          "MAE": 2.48421745467186,
          "RMSE": 3.096414597977438,
          "R2": 0.7381624609417471,
          "MAPE%": 12.407653448766204,
          "Accuracy%": 87.59234655123379
        }
      },
      "winner": {
        "name": "xgb",
        "metrics": {
          "MAE": 2.48421745467186,
          "RMSE": 3.096414597977438,
          "R2": 0.7381624609417471,
          "MAPE%": 12.407653448766204,
          "Accuracy%": 87.59234655123379
        },
        "model_path": "models_eval\\regressor_Generator.pkl",
        "meta_path": "models_eval\\regressor_Generator.meta.json"
      }
    },
    {
      "assetType": "Transformer",
      "samples": 30000,
      "features": [
        "Temperature__c",
        "Vibration_Level__c",
        "Voltage__c",
        "Operating_Hours__c"
      ],
      "metrics": {
        "rf": {
          "MAE": 2.5412093333333337,
          "RMSE": 3.185091208531816,
          "R2": 0.7898494719638287,
          "MAPE%": 14.951587307095668,
          "Accuracy%": 85.04841269290434
        },
        "hgb": {
          "MAE": 2.45837147387181,
          "RMSE": 3.0847287802399563,
          "R2": 0.8028845300744984,
          "MAPE%": 14.584093961077057,
          "Accuracy%": 85.41590603892294
        },
        "xgb": {
          "MAE": 2.4850368973811467,
          "RMSE": 3.1188825514932255,
          "R2": 0.7984954855668962,
          "MAPE%": 14.700159380913627,
          "Accuracy%": 85.29984061908637
        }
      },
      "winner": {
        "name": "hgb",
        "metrics": {
          "MAE": 2.45837147387181,
          "RMSE": 3.0847287802399563,
          "R2": 0.8028845300744984,
          "MAPE%": 14.584093961077057,
          "Accuracy%": 85.41590603892294
        },
        "model_path": "models_eval\\regressor_Transformer.pkl",
        "meta_path": "models_eval\\regressor_Transformer.meta.json"
      }
    }
  ],
  "combined": {
    "rf": {
      "weighted_avg_accuracy": 86.0830468041636,
      "total_samples": 60000
    },
    "xgb": {
      "weighted_avg_accuracy": 86.44609358516009,
      "total_samples": 60000
    },
    "hgb": {
      "weighted_avg_accuracy": 86.48785066247719,
      "total_samples": 60000
    }
  },
  "global_winner": {
    "name": "hgb",
    "weighted_avg_accuracy": 86.48785066247719
  }
}